Index,Titles,Year
1,Parasite (Gisaengchung),2019
2,Avengers: Endgame,2019
3,Knives Out,2019
4,Us,2019
5,Toy Story 4,2019
6,The Irishman,2019
7,Little Women,2019
8,Booksmart,2019
9,The Farewell,2019
10,Marriage Story,2019
11,A Beautiful Day in the Neighborhood,2019
12,If Beale Street Could Talk,2019
13,Once Upon a Time In Hollywood,2019
14,Spider-Man: Far From Home,2019
15,Pain and Glory (Dolor y gloria),2019
16,Shazam!,2019
17,Ford v Ferrari,2019
18,Dolemite Is My Name,2019
19,Uncut Gems,2019
20,The Lighthouse,2019
21,Apollo 11,2019
22,Rocketman,2019
23,Amazing Grace,2019
24,John Wick: Chapter 3 - Parabellum,2019
25,Ash Is Purest White,2019
26,They Shall Not Grow Old,2019
27,The Peanut Butter Falcon,2019
28,Honeyland,2019
29,Honey Boy,2019
30,One Cut of the Dead (Kamera o tomeru na!),2019
31,Birds of Passage (Pájaros de verano),2019
32,Knock Down the House,2019
33,Maiden,2019
34,For Sama,2019
35,Atlantics,2019
36,Fighting with My Family,2019
37,Hustlers,2019
38,One Child Nation,2019
39,Captain Marvel,2019
40,3 Faces,2019
41,The Last Black Man in San Francisco,2019
42,Woman at War (Kona fer í stríð),2019
43,Chained for Life,2019
44,How to Train Your Dragon: The Hidden World,2019
45,First Love (Hatsukoi),2019
46,Transit,2019
47,Tigers Are Not Afraid (Vuelven),2019
48,Stan & Ollie,2019
49,The Chambermaid (La camarista),2019
50,Midnight Traveler,2019
51,Mickey and the Bear,2019
52,Deadwood: The Movie,2019
53,Varda by Agnès,2019
54,Hail Satan?,2019
55,Ready or Not,2019
56,Toni Morrison: The Pieces I Am,2019
57,Ad Astra,2019
58,Midsommar,2019
59,American Factory,2019
60,The Mustang,2019
61,Blinded by the Light,2019
62,Wild Rose,2019
63,The Heiresses (Las Herederas),2019
64,63 Up,2019
65,Homecoming: A Film by Beyoncé,2019
66,Too Late to Die Young (Tarde para morir joven),2019
67,By the Grace of God (Grâce à Dieu),2019
68,Gloria Bell,2019
69,Midnight Family,2019
70,Dark Waters,2019
71,Buñuel in the Labyrinth of the Turtles (Buñuel en el laberinto de las tortugas),2019
72,Fiddler: A Miracle of Miracles,2019
73,Working Woman,2019
74,Making Waves: The Art of Cinematic Sound,2019
75,Monos,2019
76,The Cave,2019
77,The Kingmaker,2019
78,"Love, Antosha",2019
79,Harpoon,2019
80,I Lost My Body,2019
81,Bad Education,2019
82,Little Woods,2019
83,Mike Wallace Is Here,2019
84,Ray & Liz,2019
85,The Two Popes,2019
86,Be Natural: The Untold Story of Alice Guy-Blaché,2019
87,The LEGO Movie 2: The Second Part,2019
88,Clemency,2019
89,Shadow,2019
90,Rojo,2019
91,Jojo Rabbit,2019
92,An Elephant Sitting Still (Da xiang xi di er zuo),2019
93,High Flying Bird,2019
94,In Fabric,2019
95,The Kid Who Would Be King,2019
96,Citizen K,2019
97,The Wild Pear Tree (Ahlat agaci),2019
98,Luce,2019
99,Judy,2019
100,Sword of Trust,2019
